id,first_name,last_name,email,gender,phone_number,address
1,Alidia,Taile,ataile0@stumbleupon.com,Female,374-446-9486,99471 Brickson Park Drive
2,Clarey,von Grollmann,cvongrollmann1@bloglovin.com,Female,812-136-9535,4 Comanche Center
3,Kristel,Thornley,kthornley2@over-blog.com,Female,608-313-8394,16 Daystar Road
4,Ophelia,Hauxley,ohauxley3@comcast.net,Female,426-346-7910,72883 Weeping Birch Place
5,Stephen,Duthie,sduthie4@ifeng.com,Male,133-512-8158,1 Thompson Point
6,Shea,Danilowicz,sdanilowicz5@washingtonpost.com,Female,822-841-3974,30559 Nova Lane
7,Alexander,Pettyfer,apettyfer6@abc.net.au,Male,859-554-7710,32632 Maple Wood Plaza
8,Timotheus,Fumagallo,tfumagallo7@paypal.com,Male,341-942-3484,329 Fairfield Road
9,Geneva,Knappitt,gknappitt8@cyberchimps.com,Female,657-262-4984,4806 Porter Park
10,Alane,Kmiec,akmiec9@shinystat.com,Female,785-540-0165,1 Talisman Court
11,Emmalyn,Trippitt,etrippitta@arizona.edu,Female,421-311-8384,1 Green Place
12,Ferdy,Cokely,fcokelyb@statcounter.com,Male,285-185-8906,3 Washington Hill
13,Addy,Woolliams,awoolliamsc@ow.ly,Male,858-218-1594,2024 Bonner Center
14,Ag,Clemett,aclemettd@constantcontact.com,Female,226-126-3652,35150 Havey Road
15,Bronson,Bouts,bboutse@woothemes.com,Male,637-788-0035,713 Columbus Crossing
16,Miner,Conaghy,mconaghyf@spiegel.de,Male,945-870-1742,647 Donald Court
17,Freddy,Egre,fegreg@businessweek.com,Male,409-398-9435,40 Eastlawn Pass
18,Merla,House,mhouseh@dedecms.com,Female,290-854-0750,129 Debra Plaza
19,Farlie,Arrigo,farrigoi@google.de,Male,516-464-3298,4 Summerview Hill
20,Barr,Spinelli,bspinellij@yale.edu,Male,703-864-7423,6 Schlimgen Lane
21,Dore,Aleksankov,daleksankovk@liveinternet.ru,Male,988-586-7413,7448 Mayer Court
22,Clareta,Ten Broek,ctenbroekl@who.int,Female,262-926-2106,03468 Lukken Park
23,Rance,Androlli,randrollim@merriam-webster.com,Male,893-831-4449,94711 Paget Lane
24,Maura,Wyvill,mwyvilln@huffingtonpost.com,Female,446-281-9397,3262 Hoepker Terrace
25,Flossy,Hinge,fhingeo@pagesperso-orange.fr,Female,936-831-2988,64991 Reindahl Terrace
26,Harlan,Pettiford,hpettifordp@google.co.uk,Male,697-857-7596,04 Stuart Park
27,Andonis,Dyka,adykaq@reddit.com,Male,511-553-0477,22133 Clyde Gallagher Park
28,Georgia,Sharman,gsharmanr@smugmug.com,Female,993-407-7570,8859 Emmet Place
29,Raimondo,Hammel,rhammels@cnet.com,Male,246-409-0393,5 Westerfield Avenue
30,Silvana,Knightsbridge,sknightsbridget@howstuffworks.com,Female,118-887-2509,31 Alpine Park
31,Harmonie,Libreros,hlibrerosu@canalblog.com,Female,857-966-5210,008 Jana Avenue
32,Tobe,Novichenko,tnovichenkov@engadget.com,Male,916-939-3390,2012 Lotheville Place
33,Lotta,Latimer,llatimerw@usgs.gov,Female,765-729-8692,6 5th Place
34,Patton,Joannidi,pjoannidix@oaic.gov.au,Male,218-199-1646,77 Garrison Place
35,Emelita,Poulett,epouletty@addtoany.com,Female,732-707-4158,384 Fuller Avenue
36,Mickie,Peotz,mpeotzz@multiply.com,Male,857-530-3975,00 Katie Junction
37,Barnie,Woollhead,bwoollhead10@acquirethisname.com,Male,830-308-0615,4438 Ronald Regan Center
38,Averell,Grelka,agrelka11@ihg.com,Male,834-896-8246,1793 Luster Terrace
39,Ricardo,Swatradge,rswatradge12@taobao.com,Male,316-548-9743,559 Waywood Terrace
40,Moira,Conradsen,mconradsen13@cnet.com,Female,988-799-7225,03247 Arkansas Avenue
41,Cherin,Kester,ckester14@google.com,Female,440-829-7188,872 Talisman Center
42,Osgood,Winchcombe,owinchcombe15@cbc.ca,Male,369-867-8148,12596 Thompson Parkway
43,Teresa,Chomicki,tchomicki16@imageshack.us,Female,792-885-2102,51 Northland Street
44,Royce,Wimpeney,rwimpeney17@t-online.de,Male,245-592-7998,667 Pepper Wood Trail
45,Emelda,Palomba,epalomba18@printfriendly.com,Female,453-858-3577,863 Arizona Avenue
46,Roddy,Le Blanc,rleblanc19@facebook.com,Male,366-390-3247,4072 Clyde Gallagher Circle
47,Gracie,Luckhurst,gluckhurst1a@howstuffworks.com,Female,880-626-5486,23252 Evergreen Street
48,Jerome,Mauditt,jmauditt1b@ask.com,Male,312-865-2620,94 Rutledge Center
49,Herman,Shepperd,hshepperd1c@scribd.com,Male,478-906-0439,2 Boyd Point
50,Doll,Whorall,dwhorall1d@symantec.com,Female,592-451-5053,00 Russell Avenue
51,Camila,Balharrie,cbalharrie1e@google.pl,Female,388-119-2138,6174 Macpherson Drive
52,Lillis,Abazi,labazi1f@weibo.com,Female,983-469-1350,322 Gina Court
53,Bamby,Havick,bhavick1g@tripadvisor.com,Female,320-385-1803,2 Forest Run Road
54,Marylee,Watts,mwatts1h@jugem.jp,Female,639-168-1439,86548 Granby Court
55,Carla,Lydford,clydford1i@comcast.net,Female,133-788-3700,9 Dunning Terrace
56,Oralee,Staziker,ostaziker1j@unc.edu,Female,380-379-3709,4490 Susan Road
57,Remus,Collibear,rcollibear1k@studiopress.com,Male,969-880-5705,092 Macpherson Court
58,Nikki,Fearon,nfearon1l@hhs.gov,Male,950-951-7559,1228 Holy Cross Crossing
59,Willy,Ennew,wennew1m@surveymonkey.com,Female,687-333-1475,26 Carioca Junction
60,Tony,Chartman,tchartman1n@webmd.com,Female,676-617-2380,6822 Blue Bill Park Alley
61,Kerri,Anthoney,kanthoney1o@merriam-webster.com,Female,253-881-0655,767 Waxwing Point
62,Ashlin,Obin,aobin1p@webeden.co.uk,Male,713-737-2405,94 Alpine Plaza
63,Anthia,Pleace,apleace1q@redcross.org,Female,345-338-9816,10 Westerfield Center
64,Ev,Kohter,ekohter1r@ca.gov,Male,864-585-2342,0 Gale Place
65,Vi,Skipton,vskipton1s@oaic.gov.au,Female,883-842-4939,03 Reindahl Point
66,Renelle,Barchrameev,rbarchrameev1t@china.com.cn,Female,680-417-7623,7984 Morrow Terrace
67,Jordan,Leger,jleger1u@vistaprint.com,Male,480-941-6171,1273 Stoughton Point
68,Nefen,Krysztofowicz,nkrysztofowicz1v@miitbeian.gov.cn,Male,347-534-9522,1 Katie Plaza
69,Chaunce,Kummerlowe,ckummerlowe1w@house.gov,Male,938-839-4577,0 Darwin Junction
70,Nelli,Frayn,nfrayn1x@wordpress.com,Female,556-378-7097,0343 Northport Way
71,Andres,Liffe,aliffe1y@yellowpages.com,Male,244-458-3344,26 Elmside Place
72,Engelbert,Echlin,eechlin1z@ebay.com,Male,198-531-2510,005 Stone Corner Parkway
73,Rani,Gilluley,rgilluley20@marketwatch.com,Female,622-611-3818,65655 Hauk Trail
74,Codi,Ordemann,cordemann21@foxnews.com,Female,334-485-1594,0851 Spohn Circle
75,Mozes,Deverson,mdeverson22@psu.edu,Male,342-864-9527,20530 Sunbrook Place
76,Enriqueta,Egerton,eegerton23@ihg.com,Female,835-627-0799,83725 Reinke Junction
77,Horatius,Nail,hnail24@ifeng.com,Male,851-769-5913,48268 Butternut Crossing
78,Chucho,Kreber,ckreber25@qq.com,Male,570-613-1796,9260 Lakewood Court
79,Lynnette,Bussey,lbussey26@mapquest.com,Female,806-857-9317,06 Del Mar Parkway
80,Edna,Crosetti,ecrosetti27@discuz.net,Female,757-428-5735,782 Dixon Crossing
81,Eda,Hatherall,ehatherall28@globo.com,Female,816-390-9993,8 Donald Lane
82,Arlette,Bouldstridge,abouldstridge29@networkadvertising.org,Female,130-964-3799,80 Pond Park
83,Colin,Woolford,cwoolford2a@wunderground.com,Male,671-575-9327,25715 Clyde Gallagher Center
84,Beret,Van Hault,bvanhault2b@craigslist.org,Female,575-634-6670,2297 Thierer Way
85,Hercule,Mingardo,hmingardo2c@hostgator.com,Male,759-775-4504,6270 Monica Place
86,Jocelin,Vincent,jvincent2d@mozilla.com,Female,249-764-2725,3 Nancy Street
87,Corly,Halpen,chalpen2e@ihg.com,Female,969-511-6142,6988 Maple Crossing
88,Domenic,Chinnock,dchinnock2f@twitter.com,Male,924-108-3972,41527 Rutledge Alley
89,Lane,Berntsson,lberntsson2g@house.gov,Female,303-465-4044,13 Rockefeller Park
90,Ardene,Luisetti,aluisetti2h@paginegialle.it,Female,619-146-6709,58 Buhler Circle
91,Angelina,Rosewall,arosewall2i@ifeng.com,Female,957-922-1767,57 Packers Pass
92,Elana,Meaker,emeaker2j@senate.gov,Female,716-601-7494,5 Texas Drive
93,Hurleigh,Wittleton,hwittleton2k@dell.com,Male,394-517-8360,97 Coolidge Hill
94,Harald,Meachan,hmeachan2l@bloglovin.com,Male,716-844-3124,690 Everett Crossing
95,Sheffie,Clavey,sclavey2m@issuu.com,Male,673-830-4795,65 Tennessee Point
96,Lalo,Volage,lvolage2n@hc360.com,Male,415-253-6443,44722 Oakridge Court
97,Joete,Lakeman,jlakeman2o@prlog.org,Female,557-864-7947,062 Green Ridge Pass
98,Artus,Ruhben,aruhben2p@simplemachines.org,Male,900-925-4685,4 Londonderry Alley
99,John,Bilbrooke,jbilbrooke2q@imdb.com,Male,382-652-5867,08698 Dahle Center
100,Levi,Tew,ltew2r@dmoz.org,Male,854-828-7405,31 Hollow Ridge Junction